connexion;geo_point_2d;geo_shape;id_gares;nom_gares;id_ref_zdc;nom_zdc;id_ref_zda;idrefliga;res_com;ligne;mode;tertrain;terrer;termetro;tertram;terval;exploitant;color;style;idf;principal;x;y;
1053;49.1870872042629,2.459549118844452;"{""coordinates"": [2.459549118844452, 49.1870872042629], ""type"": ""Point""}";1052;Chantilly-Gouvieux;411429;Chantilly - Gouvieux;411428;A01842;RER D;D;RER;0;0;0;0;0;SNCF;#3F9C35;dotted;0;0;660596.9644;6898729.3457;
;49.26394414357276,2.4689141153510383;"{""coordinates"": [2.468914115351038, 49.26394414357276], ""type"": ""Point""}";1053;Creil;411441;Creil;411440;A01842;RER D;D;RER;0;RER D;0;0;0;SNCF;#3F9C35;dotted;0;0;661337.2338;6907273.6537;
957;49.126209959725394,2.5070138416038654;"{""coordinates"": [2.507013841603865, 49.126209959725394], ""type"": ""Point""}";958;La Borne Blanche;411419;La Borne Blanche;411418;A01842;RER D;D;RER;0;0;0;0;0;SNCF;#3F9C35;dotted;0;0;664015.1873;6891935.6596;
81;48.29359176777949,2.4011338944295835;"{""coordinates"": [2.401133894429583, 48.29359176777949], ""type"": ""Point""}";955;Malesherbes;411486;Malesherbes;411485;A01842;RER D;D;RER;0;RER D;0;0;0;SNCF;#3F9C35;dotted;0;1;655584.6925;6799419.8303;
1052;49.13828637433882,2.490178985421195;"{""coordinates"": [2.490178985421195, 49.13828637433882], ""type"": ""Point""}";957;Orry-la-Ville-Coye-la-Forêt;411422;Orry-la-Ville - Coye;411421;A01842;RER D;D;RER;0;0;0;0;0;SNCF;#3F9C35;dotted;0;1;662795.0403;6893286.6213;
26;48.58272468713799,2.2234488335831086;"{""coordinates"": [2.223448833583109, 48.58272468713799], ""type"": ""Point""}";254;Égly;60052;Égly;415484;A01840;RER C;C;RER;0;0;0;0;0;SNCF;#F3D311;solid;1;0;642723.0;6831672.0;
968;48.8058407886765,2.6191944124556525;"{""coordinates"": [2.619194412455653, 48.8058407886765], ""type"": ""Point""}";963;Émerainville-Pontault-Combault;67897;Émerainville - Pontault-Combault;43074;A01843;RER E;E;RER;0;0;0;0;0;SNCF;#DE81D3;solid;1;0;672031.7582;6856263.686;
788;48.66948372427284,2.3326229292104714;"{""coordinates"": [2.332622929210471, 48.66948372427284], ""type"": ""Point""}";257;Épinay-sur-Orge;60915;Épinay-sur-Orge;43076;A01840;RER C;C;RER;0;0;0;0;0;SNCF;#F3D311;solid;1;0;650856.7941;6841243.2826;
821;48.953495202445616,2.3023468035919636;"{""coordinates"": [2.302346803591964, 48.953495202445616], ""type"": ""Point""}";258;Épinay-sur-Seine;72383;Épinay-sur-Seine;43077;A01840;RER C;C;RER;0;0;0;0;0;SNCF;#F3D311;solid;1;0;648906.4362;6872840.7413;
274;48.43692393670402,2.1595305875651536;"{""coordinates"": [2.159530587565154, 48.43692393670402], ""type"": ""Point""}";271;Étampes;478855;Étampe;43080;A01840;RER C;C;RER;0;0;0;0;0;SNCF;#F3D311;solid;1;1;637836.1692;6815513.6232;
137;48.49364457756063,2.1945817005254256;"{""coordinates"": [2.194581700525426, 48.49364457756063], ""type"": ""Point""}";274;Étréchy;59678;Étréchy;43081;A01840;RER C;C;RER;0;0;0;0;0;SNCF;#F3D311;solid;1;0;640492.8806;6821791.2596;
334;48.63426831143351,2.4525733922724493;"{""coordinates"": [2.452573392272449, 48.63426831143351], ""type"": ""Point""}";276;Évry;60522;Évry;45745;A01842;RER D;D;RER;0;0;0;0;0;SNCF;#3F9C35;solid;1;0;659662.2083;6837260.3503;
609;48.62590139398081,2.430155386011356;"{""coordinates"": [2.430155386011356, 48.62590139398081], ""type"": ""Point""}";277;Évry Courcouronnes;60450;Évry - Courcouronnes;47906;A01842;RER D;D;RER;0;0;0;0;0;SNCF;#3F9C35;solid;1;0;658003.6258;6836341.8839;
621;49.00975645120457,2.5612326952251054;"{""coordinates"": [2.561232695225105, 49.00975645120457], ""type"": ""Point""}";743;Aéroport Charles De Gaulle 1;73596;Aéroport CDG 1 (Terminal 3);462398;A01857;RER B;B;RER;0;0;0;0;0;SNCF;#4B92DB;solid;1;0;667900.8037;6878960.9005;
743;49.00468746087186,2.57058948552452;"{""coordinates"": [2.57058948552452, 49.00468746087186], ""type"": ""Point""}";744;Aéroport Charles De Gaulle 2-TGV;73699;Aéroport CDG - Terminal 2 (TGV);473364;A01857;RER B;B;RER;0;RER B;0;0;0;SNCF;#4B92DB;solid;1;1;668582.2523;6878393.4208;
899;48.725535303926115,2.419565024387933;"{""coordinates"": [2.419565024387933, 48.725535303926115], ""type"": ""Point""}";3;Ablon;69554;Ablon;46387;A01840;RER C;C;RER;0;0;0;0;0;SNCF;#F3D311;solid;1;0;657304.576;6847424.3178;
501;48.955402243597064,2.093521901580611;"{""coordinates"": [2.093521901580611, 48.955402243597064], ""type"": ""Point""}";4;Achères-Grand-Cormier;65190;Achères Grand Cormier;47915;A01856;RER A;A;RER;0;0;0;0;0;SNCF;#F7403A;solid;1;0;633615.8945;6873208.1444;
202;48.97066504738864,2.0777317645655975;"{""coordinates"": [2.077731764565597, 48.97066504738864], ""type"": ""Point""}";6;Achères-Ville;73604;Achères Ville;46647;A01856;RER A;A;RER;0;0;0;0;0;SNCF;#F7403A;solid;1;0;632479.4115;6874918.7325;
392;48.754946524596164,2.3009868557349504;"{""coordinates"": [2.30098685573495, 48.754946524596164], ""type"": ""Point""}";20;Antony;69759;Antony;43066;A01857;RER B;B;RER;0;0;0;0;0;RATP;#4B92DB;solid;1;1;648611.4025;6850764.9;
403;48.798892499145914,2.3281369230647506;"{""coordinates"": [2.328136923064751, 48.798892499145914], ""type"": ""Point""}";22;Arcueil-Cachan;70263;Arcueil - Cachan;43067;A01857;RER B;B;RER;0;0;0;0;0;RATP;#4B92DB;solid;1;0;650648.8903;6855633.6247;
402;48.58600788986434,2.2410700809029738;"{""coordinates"": [2.241070080902974, 48.58600788986434], ""type"": ""Point""}";26;Arpajon;60072;Arpajon;43068;A01840;RER C;C;RER;0;0;0;0;0;SNCF;#F3D311;solid;1;0;644026.1786;6832024.3368;
3;48.712628986541134,2.403633104908492;"{""coordinates"": [2.403633104908492, 48.712628986541134], ""type"": ""Point""}";31;Athis-Mons;63134;Athis-Mons;46395;A01840;RER C;C;RER;0;0;0;0;0;SNCF;#F3D311;solid;1;0;656121.8463;6845998.1467;
151;48.87215749394265,2.329927170608275;"{""coordinates"": [2.329927170608275, 48.87215749394265], ""type"": ""Point""}";32;Auber;478926;Auber;45873;A01856;RER A;A;RER;0;0;0;0;0;RATP;#F7403A;solid;1;0;650849.5187;6863778.7626;
796;48.932196005027805,2.495513142584313;"{""coordinates"": [2.495513142584313, 48.932196005027805], ""type"": ""Point""}";37;Aulnay-sous-Bois;72646;Aulnay-sous-Bois;43071;A01857;RER B;B;RER;0;0;0;0;0;SNCF;#4B92DB;solid;1;1;663037.8693;6870364.5512;
97;48.85364805623443,2.2794870649625656;"{""coordinates"": [2.279487064962566, 48.85364805623443], ""type"": ""Point""}";40;Avenue du Président Kennedy;71212;Avenue du Président Kennedy Maison de Radio France;45419;A01840;RER C;C;RER;0;0;0;0;0;SNCF;#F3D311;solid;1;0;647131.0079;6861753.2577;
590;48.86983048806187,2.2748081536422338;"{""coordinates"": [2.274808153642234, 48.86983048806187], ""type"": ""Point""}";41;Avenue Foch;71321;Avenue Foch;45437;A01840;RER C;C;RER;0;0;0;0;0;SNCF;#F3D311;solid;1;0;646804.2192;6863555.7388;
41;48.86546235614948,2.272159381919414;"{""coordinates"": [2.272159381919414, 48.86546235614948], ""type"": ""Point""}";42;Avenue Henri Martin;71286;Avenue Henri Martin;45447;A01840;RER C;C;RER;0;0;0;0;0;SNCF;#F3D311;solid;1;0;646605.4494;6863071.8278;
22;48.79333629530144,2.3222016336701206;"{""coordinates"": [2.322201633670121, 48.79333629530144], ""type"": ""Point""}";45;Bagneux;70210;Bagneux;44493;A01857;RER B;B;RER;0;0;0;0;0;RATP;#4B92DB;solid;1;0;650207.6266;6855019.5845;
534;48.53150198555095,2.370518497736707;"{""coordinates"": [2.370518497736707, 48.53150198555095], ""type"": ""Point""}";48;Ballancourt;59825;Ballancourt;43087;A01842;RER D;D;RER;0;0;0;0;0;SNCF;#3F9C35;solid;1;0;653524.9404;6825881.3486;
360;48.7510232741848,2.215860857351649;"{""coordinates"": [2.215860857351649, 48.7510232741848], ""type"": ""Point""}";73;Bièvres;63404;Bièvres;43091;A01840;RER C;C;RER;0;0;0;0;0;SNCF;#F3D311;solid;1;0;642349.1489;6850387.4886;
38;48.828880699842834,2.377697000269359;"{""coordinates"": [2.377697000269359, 48.828880699842834], ""type"": ""Point""}";71;Bibliothèque François Mitterrand;71572;Bibliothèque François Mitterrand Emile Durkheim;45301;A01840;RER C;C;RER;0;0;0;0;0;SNCF;#F3D311;solid;1;0;654315.4819;6858938.0999;
117;48.34166354368213,2.37881544331189;"{""coordinates"": [2.37881544331189, 48.34166354368213], ""type"": ""Point""}";81;Boigneville;59420;Boigneville;43092;A01842;RER D;D;RER;0;0;0;0;0;SNCF;#3F9C35;solid;1;0;653971.4951;6804775.4462;
672;48.529746917640566,2.572073662735742;"{""coordinates"": [2.572073662735742, 48.529746917640566], ""type"": ""Point""}";85;Boissise-le-Roi;61943;Boissise-le-Roi;45763;A01842;RER D;D;RER;0;0;0;0;0;SNCF;#3F9C35;solid;1;0;668404.6619;6825586.6129;
841;48.75218571985377,2.504559838342837;"{""coordinates"": [2.504559838342837, 48.75218571985377], ""type"": ""Point""}";87;Boissy-Saint-Léger;72881;Boissy-Saint-Léger;43094;A01856;RER A;A;RER;0;RER A;0;0;0;RATP;#F7403A;solid;1;1;663575.0958;6850344.7528;
599;48.89395181080176,2.480205915260598;"{""coordinates"": [2.480205915260598, 48.89395181080176], ""type"": ""Point""}";89;Bondy;72037;Bondy;43096;A01843;RER E;E;RER;0;0;0;0;0;SNCF;#DE81D3;solid;1;0;661888.3789;6866119.1351;
42;48.85697199491403,2.274793324608879;"{""coordinates"": [2.274793324608879, 48.85697199491403], ""type"": ""Point""}";97;Boulainvilliers;71229;Boulainvilliers;45453;A01840;RER C;C;RER;0;0;0;0;0;SNCF;#F3D311;solid;1;0;646790.0;6862126.0;
518;48.53289010230884,2.290082513840396;"{""coordinates"": [2.290082513840396, 48.53289010230884], ""type"": ""Point""}";101;Bouray;59830;Bouray;47905;A01840;RER C;C;RER;0;0;0;0;0;SNCF;#F3D311;solid;1;0;647587.8337;6826086.0185;
45;48.78031379546215,2.312307716888593;"{""coordinates"": [2.312307716888593, 48.78031379546215], ""type"": ""Point""}";102;Bourg-la-Reine;70033;Bourg-la-Reine;43097;A01857;RER B;B;RER;0;0;0;0;0;RATP;#4B92DB;solid;1;0;649468.2085;6853577.9767;
114;48.68101661540746,2.533130656571037;"{""coordinates"": [2.533130656571037, 48.68101661540746], ""type"": ""Point""}";105;Boussy-Saint-Antoine;62596;Boussy-Saint-Antoine;47924;A01842;RER D;D;RER;0;0;0;0;0;SNCF;#3F9C35;solid;1;0;665628.8216;6842419.4146;
396;48.43449061192662,2.376672818506991;"{""coordinates"": [2.376672818506991, 48.43449061192662], ""type"": ""Point""}";106;Boutigny;59565;Boutigny;47895;A01842;RER D;D;RER;0;0;0;0;0;SNCF;#3F9C35;solid;1;0;653894.1827;6815094.2882;
829;48.60674494801255,2.3020596915826386;"{""coordinates"": [2.302059691582639, 48.60674494801255], ""type"": ""Point""}";108;Brétigny;60247;Brétigny;43098;A01840;RER C;C;RER;0;0;0;0;0;SNCF;#F3D311;solid;1;1;648544.6367;6834288.0923;
254;48.57750848849613,2.192063068770896;"{""coordinates"": [2.192063068770896, 48.57750848849613], ""type"": ""Point""}";109;Breuillet;60028;Breuillet - Bruyères-le-Châtel;47925;A01840;RER C;C;RER;0;0;0;0;0;SNCF;#F3D311;solid;1;0;640402.1892;6831115.3788;
109;48.56432890583279,2.170377259160042;"{""coordinates"": [2.170377259160042, 48.56432890583279], ""type"": ""Point""}";110;Breuillet-Village;59940;Breuillet Village;43099;A01840;RER C;C;RER;0;0;0;0;0;SNCF;#F3D311;solid;1;0;638787.191;6829666.9011;
924;48.69910694601902,2.506676982547087;"{""coordinates"": [2.506676982547087, 48.69910694601902], ""type"": ""Point""}";114;Brunoy;67476;Brunoy;58873;A01842;RER D;D;RER;0;0;0;0;0;SNCF;#3F9C35;solid;1;0;663693.8776;6844442.4782;
589;48.84519309572949,2.5256159084395455;"{""coordinates"": [2.525615908439546, 48.84519309572949], ""type"": ""Point""}";116;Bry-sur-Marne;73166;Bry-sur-Marne;43101;A01856;RER A;A;RER;0;0;0;0;0;RATP;#F7403A;solid;1;0;665185.2531;6860676.4833;
503;48.371383291366385,2.3872097971981003;"{""coordinates"": [2.3872097971981, 48.371383291366385], ""type"": ""Point""}";117;Buno-Gironville;59447;Buno - Gironville;43102;A01842;RER D;D;RER;0;0;0;0;0;SNCF;#3F9C35;solid;1;0;654619.1223;6808073.8171;
612;48.69625274687923,2.1643782427741716;"{""coordinates"": [2.164378242774172, 48.69625274687923], ""type"": ""Point""}";118;Bures-sur-Yvette;62851;Bures-sur-Yvette;43103;A01857;RER B;B;RER;0;0;0;0;0;RATP;#4B92DB;solid;1;0;638499.7812;6844337.1535;
856;48.83653643201063,2.7089817422622766;"{""coordinates"": [2.708981742262277, 48.83653643201063], ""type"": ""Point""}";119;Bussy-Saint-Georges;68105;Bussy-Saint-Georges;58874;A01856;RER A;A;RER;0;0;0;0;0;RATP;#F7403A;solid;1;0;678638.7274;6859648.704;
131;49.04787620243536,2.010999760003632;"{""coordinates"": [2.010999760003632, 49.04787620243536], ""type"": ""Point""}";128;Cergy Le Haut;66834;Cergy le Haut;43104;A01856;RER A;A;RER;0;RER A;0;0;0;SNCF;#F7403A;solid;1;1;627701.6572;6883563.8941;
131;49.03646397979169,2.079534939997373;"{""coordinates"": [2.079534939997373, 49.03646397979169], ""type"": ""Point""}";129;Cergy-Préfecture;66696;Cergy Préfecture;44559;A01856;RER A;A;RER;0;0;0;0;0;SNCF;#F7403A;solid;1;0;632696.7168;6882234.2021;
128;49.04964700432274,2.0342944618526615;"{""coordinates"": [2.034294461852661, 49.04964700432274], ""type"": ""Point""}";131;Cergy-Saint-Christophe;66858;Cergy Saint-Christophe;47897;A01856;RER A;A;RER;0;0;0;0;0;SNCF;#F7403A;solid;1;0;629406.8796;6883739.7414;
292;48.98500470032524,2.2574741572503094;"{""coordinates"": [2.257474157250309, 48.98500470032524], ""type"": ""Point""}";134;Cernay;65752;Cernay;43105;A01840;RER C;C;RER;0;0;0;0;0;SNCF;#F3D311;solid;1;0;645653.172;6876374.6171;
787;48.56494949473517,2.594551816007612;"{""coordinates"": [2.594551816007612, 48.56494949473517], ""type"": ""Point""}";135;Cesson;62176;Cesson;42516;A01842;RER D;D;RER;0;0;0;0;0;SNCF;#3F9C35;solid;1;0;670084.3833;6829491.1237;
32;48.861822271863645,2.3470126872387564;"{""coordinates"": [2.347012687238756, 48.861822271863645], ""type"": ""Point""}";163;Châtelet-Les Halles;474151;Châtelet les Halles;45102;A01856;RER A;A;RER;0;0;0;0;0;RATP;#F7403A;solid;1;1;652093.2251;6862619.0666;
309;48.861822271863645,2.3470126872387564;"{""coordinates"": [2.347012687238756, 48.861822271863645], ""type"": ""Point""}";164;Châtelet-Les Halles;474151;Châtelet les Halles;45102;A01857;RER B;B;RER;0;0;0;0;0;RATP;#4B92DB;solid;1;1;652093.2251;6862619.0666;
310;48.861822271863645,2.3470126872387564;"{""coordinates"": [2.347012687238756, 48.861822271863645], ""type"": ""Point""}";170;Châtelet-Les Halles;474151;Châtelet les Halles;45102;A01842;RER D;D;RER;0;0;0;0;0;RATP;#3F9C35;solid;1;1;652093.2251;6862619.0666;
753;48.885211217274076,2.1559034718965218;"{""coordinates"": [2.155903471896522, 48.885211217274076], ""type"": ""Point""}";172;Châtou-Croissy;64483;Châtou - Croissy;53783;A01856;RER A;A;RER;0;0;0;0;0;RATP;#F7403A;solid;1;0;638100.6669;6865352.6049;
424;48.51424587436435,2.2155178119494896;"{""coordinates"": [2.21551781194949, 48.51424587436435], ""type"": ""Point""}";137;Chamarande;59734;Chamarande;47927;A01840;RER C;C;RER;0;0;0;0;0;SNCF;#F3D311;solid;1;0;642062.4134;6824065.6531;
40;48.85645721060724,2.2898035182584997;"{""coordinates"": [2.2898035182585, 48.85645721060724], ""type"": ""Point""}";141;Champ de Mars;73844;Champ de Mars Tour Eiffel;58757;A01840;RER C;C;RER;0;0;0;0;0;SNCF;#F3D311;solid;1;0;647890.7859;6862058.7507;
431;48.806985070711534,2.5103072371156405;"{""coordinates"": [2.510307237115641, 48.806985070711534], ""type"": ""Point""}";142;Champigny;73042;Champigny;58270;A01856;RER A;A;RER;0;0;0;0;0;RATP;#F7403A;solid;1;0;664035.4268;6856434.9977;
393;48.87420418539023,2.2947732143825266;"{""coordinates"": [2.294773214382527, 48.87420418539023], ""type"": ""Point""}";151;Charles De Gaulle-Étoile;71347;Charles-de-Gaulle Étoile;58759;A01856;RER A;A;RER;0;0;0;0;0;RATP;#F7403A;solid;1;0;648273.0419;6864028.7945;
540;48.799728824409215,2.1836841098542354;"{""coordinates"": [2.183684109854235, 48.799728824409215], ""type"": ""Point""}";177;Chaville-Vélizy;69487;Chaville - Vélizy;47883;A01840;RER C;C;RER;0;0;0;0;0;SNCF;#F3D311;solid;1;0;640039.5422;6855826.5976;
181;48.87414408208016,2.583331158055107;"{""coordinates"": [2.583331158055107, 48.87414408208016], ""type"": ""Point""}";178;Chelles-Gournay;68407;Chelles - Gournay;58879;A01843;RER E;E;RER;0;RER E;0;0;0;SNCF;#DE81D3;solid;1;1;669437.8836;6863871.7539;
756;48.74794190095198,2.312711013515798;"{""coordinates"": [2.312711013515798, 48.74794190095198], ""type"": ""Point""}";179;Chemin d'Antony;69682;Chemin d'Antony;46035;A01840;RER C;C;RER;0;0;0;0;0;SNCF;#F3D311;solid;1;0;649466.5142;6849978.5566;
444;48.76378680861681,2.4113867249361034;"{""coordinates"": [2.411386724936103, 48.76378680861681], ""type"": ""Point""}";185;Choisy-le-Roi;69852;Choisy-le-Roi;43110;A01840;RER C;C;RER;0;0;0;0;0;SNCF;#F3D311;solid;1;0;656734.7134;6851681.6092;
235;48.82108964968064,2.338978472013181;"{""coordinates"": [2.338978472013181, 48.82108964968064], ""type"": ""Point""}";189;Cité Universitaire;70623;Cité universitaire;473843;A01857;RER B;B;RER;0;0;0;0;0;RATP;#4B92DB;solid;1;0;651465.8891;6858094.9267;
105;48.66790196011456,2.547548045814365;"{""coordinates"": [2.547548045814365, 48.66790196011456], ""type"": ""Point""}";196;Combs-la-Ville - Quincy;62558;Combs-la-Ville - Quincy;45771;A01842;RER D;D;RER;0;0;0;0;0;SNCF;#3F9C35;solid;1;0;666681.8714;6840955.207;
591;48.99033252744756,2.0739471888196923;"{""coordinates"": [2.073947188819692, 48.99033252744756], ""type"": ""Point""}";202;Conflans-Fin-d'Oise;73605;Conflans Fin d'Oise;43114;A01856;RER A;A;RER;0;0;0;0;0;SNCF;#F7403A;solid;1;1;632228.0;6877109.0;
428;48.613427912659176,2.472933650458743;"{""coordinates"": [2.472933650458743, 48.613427912659176], ""type"": ""Point""}";207;Corbeil-Essonnes;60309;Corbeil-Essonnes;43115;A01842;RER D;D;RER;0;0;0;0;0;SNCF;#3F9C35;solid;1;1;661146.991;6834933.3117;
276;48.613427912659176,2.472933650458743;"{""coordinates"": [2.472933650458743, 48.613427912659176], ""type"": ""Point""}";207;Corbeil-Essonnes;60309;Corbeil-Essonnes;43115;A01842;RER D;D;RER;0;0;0;0;0;SNCF;#3F9C35;solid;1;1;661146.991;6834933.3117;
330;48.701217719380196,2.097975858420524;"{""coordinates"": [2.097975858420524, 48.701217719380196], ""type"": ""Point""}";219;Courcelle-sur-Yvette;62951;Courcelle sur Yvette;47052;A01857;RER B;B;RER;0;0;0;0;0;RATP;#4B92DB;solid;1;0;633619.1987;6844942.8939;
437;48.77126603718618,2.435306339706322;"{""coordinates"": [2.435306339706322, 48.77126603718618], ""type"": ""Point""}";1159;Créteil Pompadour;69950;Créteil Pompadour;46286;A01842;RER D;D;RER;0;0;0;0;0;SNCF;#3F9C35;solid;1;0;658498.8113;6852500.3354;
680;48.833073169694686,2.333203670349574;"{""coordinates"": [2.333203670349574, 48.833073169694686], ""type"": ""Point""}";235;Denfert-Rochereau;71056;Denfert Rochereau;473890;A01857;RER B;B;RER;0;0;0;0;0;RATP;#4B92DB;solid;1;0;651053.1484;6859430.9166;
793;48.533732833041356,2.0087718138734374;"{""coordinates"": [2.008771813873437, 48.533732833041356], ""type"": ""Point""}";240;Dourdan;59836;Dourdan;43121;A01840;RER C;C;RER;0;0;0;0;0;SNCF;#F3D311;solid;1;0;626821.1896;6826403.4096;
240;48.53562062164871,1.9959019903628321;"{""coordinates"": [1.995901990362832, 48.53562062164871], ""type"": ""Point""}";241;Dourdan-la-Forêt;59843;Dourdan la Forêt;47095;A01840;RER C;C;RER;0;RER C;0;0;0;SNCF;#F3D311;solid;1;1;625873.7762;6826625.2525;
77;48.93270621776532,2.4547663827657757;"{""coordinates"": [2.454766382765776, 48.93270621776532], ""type"": ""Point""}";242;Drancy;72652;Drancy;43122;A01857;RER B;B;RER;0;0;0;0;0;SNCF;#4B92DB;solid;1;0;660052.9226;6870441.1306;
134;48.980646099492056,2.2720847727476317;"{""coordinates"": [2.272084772747632, 48.980646099492056], ""type"": ""Point""}";265;Ermont-Eaubonne;65669;Ermont - Eaubonne;47898;A01840;RER C;C;RER;0;0;0;0;0;SNCF;#F3D311;solid;1;1;646718.0509;6875879.9697;
207;48.60555582544281,2.462456492779696;"{""coordinates"": [2.462456492779696, 48.60555582544281], ""type"": ""Point""}";270;Essonnes-Robinson;422776;Essonnes Robinson;45759;A01842;RER D;D;RER;0;0;0;0;0;SNCF;#3F9C35;solid;1;0;660368.7153;6834063.3879;
20;48.743016568968,2.2959214068976026;"{""coordinates"": [2.295921406897603, 48.743016568968], ""type"": ""Point""}";286;Fontaine-Michalon;69647;Fontaine Michalon;43124;A01857;RER B;B;RER;0;0;0;0;0;RATP;#4B92DB;solid;1;0;648227.1941;6849441.8358;
790;48.78756672743317,2.292988009258978;"{""coordinates"": [2.292988009258978, 48.78756672743317], ""type"": ""Point""}";287;Fontenay-aux-Roses;70133;Fontenay-aux-Roses;43125;A01857;RER B;B;RER;0;0;0;0;0;RATP;#4B92DB;solid;1;0;648055.8498;6854396.9194;
913;48.84379435099823,2.463501419487551;"{""coordinates"": [2.463501419487551, 48.84379435099823], ""type"": ""Point""}";289;Fontenay-sous-Bois;71630;Fontenay-sous-Bois;47238;A01856;RER A;A;RER;0;0;0;0;0;RATP;#F7403A;solid;1;0;660625.7196;6860550.1345;
559;48.99371347945197,2.234276393996537;"{""coordinates"": [2.234276393996537, 48.99371347945197], ""type"": ""Point""}";292;Franconville-Le Plessis-Bouchard;66005;Franconville - Le Plessis-Bouchard;43126;A01840;RER C;C;RER;0;0;0;0;0;SNCF;#F3D311;solid;1;0;643964.7292;6877359.2784;
434;48.883734280042844,2.525434250765842;"{""coordinates"": [2.525434250765842, 48.883734280042844], ""type"": ""Point""}";298;Gagny;73278;Gagny;43044;A01843;RER E;E;RER;0;0;0;0;0;SNCF;#DE81D3;solid;1;0;665197.678;6864962.104;
163;48.844139348918475,2.373259976710645;"{""coordinates"": [2.373259976710645, 48.844139348918475], ""type"": ""Point""}";306;Gare de Lyon;73626;Gare de Lyon;470195;A01856;RER A;A;RER;0;0;0;0;0;RATP;#F7403A;solid;1;1;654003.2244;6860637.2778;
170;48.8437725759169,2.373916469806498;"{""coordinates"": [2.373916469806498, 48.8437725759169], ""type"": ""Point""}";307;Gare de Lyon;73626;Gare de Lyon;470195;A01842;RER D;D;RER;0;0;0;0;0;SNCF;#3F9C35;solid;1;1;654051.0804;6860596.114;
404;48.881759488218286,2.357570193470876;"{""coordinates"": [2.357570193470876, 48.881759488218286], ""type"": ""Point""}";309;Gare du Nord;478733;Gare du Nord;58572;A01857;RER B;B;RER;0;0;0;0;0;SNCF;#4B92DB;solid;1;1;652885.8018;6864829.5892;
806;48.881759488218286,2.357570193470876;"{""coordinates"": [2.357570193470876, 48.881759488218286], ""type"": ""Point""}";310;Gare du Nord;478733;Gare du Nord;58572;A01842;RER D;D;RER;0;0;0;0;0;SNCF;#3F9C35;solid;1;1;652885.8018;6864829.5892;
909;48.97674784735997,2.3905936526418374;"{""coordinates"": [2.390593652641837, 48.97674784735997], ""type"": ""Point""}";322;Garges-Sarcelles;65582;Garges - Sarcelles;43251;A01842;RER D;D;RER;0;0;0;0;0;SNCF;#3F9C35;solid;1;0;655389.1309;6875373.0102;
258;48.93289616551451,2.307943234074897;"{""coordinates"": [2.307943234074897, 48.93289616551451], ""type"": ""Point""}";326;Gennevilliers;72303;Gennevilliers;43130;A01840;RER C;C;RER;0;0;0;0;0;SNCF;#F3D311;solid;1;0;649296.2115;6870546.531;
189;48.815229933781644,2.3408911324445945;"{""coordinates"": [2.340891132444594, 48.815229933781644], ""type"": ""Point""}";327;Gentilly;70543;Gentilly;45877;A01857;RER B;B;RER;0;0;0;0;0;RATP;#4B92DB;solid;1;0;651600.8804;6857442.2267;
401;48.69819697536674,2.1365667170583604;"{""coordinates"": [2.13656671705836, 48.69819697536674], ""type"": ""Point""}";330;Gif-sur-Yvette;62890;Gif-sur-Yvette;47888;A01857;RER B;B;RER;0;0;0;0;0;RATP;#4B92DB;solid;1;0;636455.3481;6844575.3205;
452;49.02316199809731,2.462168966135234;"{""coordinates"": [2.462168966135234, 49.02316199809731], ""type"": ""Point""}";333;Goussainville;66535;Goussainville;47876;A01842;RER D;D;RER;0;0;0;0;0;SNCF;#3F9C35;solid;1;0;660663.7877;6880496.5332;
740;48.64848911165158,2.4353305301813037;"{""coordinates"": [2.435330530181304, 48.64848911165158], ""type"": ""Point""}";334;Grand-Bourg;73627;Grand Bourg;45860;A01842;RER D;D;RER;0;0;0;0;0;SNCF;#3F9C35;solid;1;0;658402.9742;6838850.2443;
965;48.746452319769574,2.727229371429766;"{""coordinates"": [2.727229371429766, 48.746452319769574], ""type"": ""Point""}";966;Gretz-Armainvilliers;67658;Gretz-Armainvilliers;43131;A01843;RER E;E;RER;0;0;0;0;0;SNCF;#DE81D3;solid;1;1;679943.5306;6849627.6575;
917;48.65484933449465,2.39678350341544;"{""coordinates"": [2.39678350341544, 48.65484933449465], ""type"": ""Point""}";337;Grigny-Centre;60797;Grigny Centre;43132;A01842;RER D;D;RER;0;0;0;0;0;SNCF;#3F9C35;solid;1;0;655568.8183;6839578.3224;
490;48.87499705814552,2.328685515718797;"{""coordinates"": [2.328685515718797, 48.87499705814552], ""type"": ""Point""}";343;Haussmann-Saint-Lazare;73688;Gare Saint-Lazare;58718;A01843;RER E;E;RER;0;RER E;0;0;0;SNCF;#DE81D3;solid;1;1;650761.1287;6864095.275;
785;48.92037937299015,2.1853533763028636;"{""coordinates"": [2.185353376302864, 48.92037937299015], ""type"": ""Point""}";357;Houilles-Carrières-sur-Seine;64741;Houilles - Carrières-sur-Seine;43082;A01856;RER A;A;RER;0;0;0;0;0;SNCF;#F7403A;solid;1;0;640300.5563;6869240.4011;
522;48.74085329922273,2.230839930557986;"{""coordinates"": [2.230839930557986, 48.74085329922273], ""type"": ""Point""}";360;Igny;63352;Igny;43083;A01840;RER C;C;RER;0;0;0;0;0;SNCF;#F3D311;solid;1;0;643439.379;6849245.9704;
664;48.862884803620496,2.3125135549259594;"{""coordinates"": [2.312513554925959, 48.862884803620496], ""type"": ""Point""}";361;Invalides;71274;Invalides;470540;A01840;RER C;C;RER;0;0;0;0;0;SNCF;#F3D311;solid;1;0;649563.2682;6862758.6946;
367;48.819343961671926,2.2578938975150784;"{""coordinates"": [2.257893897515078, 48.819343961671926], ""type"": ""Point""}";366;Issy;70612;Issy;43084;A01840;RER C;C;RER;0;0;0;0;0;SNCF;#F3D311;solid;1;0;645510.7668;6857953.7249;
57;48.83059547530458,2.264069650250567;"{""coordinates"": [2.264069650250567, 48.83059547530458], ""type"": ""Point""}";367;Issy-Val-de-Seine;71016;Issy Val de Seine;462357;A01840;RER C;C;RER;0;0;0;0;0;SNCF;#F3D311;solid;1;0;645975.8689;6859200.5034;
71;48.81398905107478,2.391686971662538;"{""coordinates"": [2.391686971662538, 48.81398905107478], ""type"": ""Point""}";369;Ivry-sur-Seine;424396;Ivry-sur-Seine;46366;A01840;RER C;C;RER;0;0;0;0;0;SNCF;#F3D311;solid;1;0;655329.7373;6857274.321;
141;48.84715690062344,2.2780362819959077;"{""coordinates"": [2.278036281995908, 48.84715690062344], ""type"": ""Point""}";376;Javel;71150;Javel;45346;A01840;RER C;C;RER;0;0;0;0;0;SNCF;#F3D311;solid;1;0;647017.9577;6861032.4801;
594;48.8210388141285,2.4638567953623154;"{""coordinates"": [2.463856795362315, 48.8210388141285], ""type"": ""Point""}";378;Joinville-le-Pont;70640;Joinville-le-Pont;43135;A01856;RER A;A;RER;0;0;0;0;0;RATP;#F7403A;solid;1;0;660634.6208;6858019.7683;
874;48.76477601201801,2.1639470858818313;"{""coordinates"": [2.163947085881831, 48.76477601201801], ""type"": ""Point""}";380;Jouy-en-Josas;63523;Jouy-en-Josas;43136;A01840;RER C;C;RER;0;0;0;0;0;SNCF;#F3D311;solid;1;0;638548.7141;6851955.6623;
31;48.689764621447345,2.382846099452605;"{""coordinates"": [2.382846099452605, 48.689764621447345], ""type"": ""Point""}";385;Juvisy;478505;Juvisy;45739;A01840;RER C;C;RER;0;0;0;0;0;SNCF;#F3D311;solid;1;1;654572.589;6843467.9193;
893;48.689567256029264,2.383833358799738;"{""coordinates"": [2.383833358799738, 48.689567256029264], ""type"": ""Point""}";387;Juvisy;478505;Juvisy;45739;A01842;RER D;D;RER;0;0;0;0;0;SNCF;#3F9C35;solid;1;1;654645.0864;6843445.4096;
;48.689567256029264,2.383833358799738;"{""coordinates"": [2.383833358799738, 48.689567256029264], ""type"": ""Point""}";387;Juvisy;478505;Juvisy;45739;A01842;RER D;D;RER;0;0;0;0;0;SNCF;#3F9C35;solid;1;1;654645.0864;6843445.4096;
427;48.92435387872672,2.386388291064693;"{""coordinates"": [2.386388291064693, 48.92435387872672], ""type"": ""Point""}";34;La Courneuve-Aubervilliers;72598;La Courneuve - Aubervilliers;43140;A01857;RER B;B;RER;0;0;0;0;0;SNCF;#4B92DB;solid;1;0;655036.0121;6869549.1208;
622;48.7616936894725,2.304227347551859;"{""coordinates"": [2.304227347551859, 48.7616936894725], ""type"": ""Point""}";392;La Croix-de-Berny-Fresnes;69813;La Croix de Berny;46007;A01857;RER B;B;RER;0;0;0;0;0;RATP;#4B92DB;solid;1;0;648856.2342;6851512.9527;
577;48.891688138011865,2.2385952173384704;"{""coordinates"": [2.23859521733847, 48.891688138011865], ""type"": ""Point""}";393;La Défense;71517;La Défense (Grande Arche);470549;A01856;RER A;A;RER;0;0;0;0;0;RATP;#F7403A;solid;1;1;644171.3691;6866011.1458;
48;48.48551429888663,2.3521938145868435;"{""coordinates"": [2.352193814586844, 48.48551429888663], ""type"": ""Point""}";396;La Ferté-Alais;59661;La Ferté-Alais;43142;A01842;RER D;D;RER;0;0;0;0;0;SNCF;#3F9C35;solid;1;0;652130.1071;6820780.3661;
118;48.695264121172805,2.15164203862357;"{""coordinates"": [2.15164203862357, 48.695264121172805], ""type"": ""Point""}";401;La Hacquinière;62825;La Hacquinière;47046;A01857;RER B;B;RER;0;0;0;0;0;RATP;#4B92DB;solid;1;0;637561.275;6844237.2403;
108;48.59111919881552,2.266213853170555;"{""coordinates"": [2.266213853170555, 48.59111919881552], ""type"": ""Point""}";402;La Norville;60115;La Norville - Saint-Germain-lès-Arpajon;47939;A01840;RER C;C;RER;0;0;0;0;0;SNCF;#F3D311;solid;1;0;645885.8486;6832575.0053;
34;48.91800820485815,2.362470767055212;"{""coordinates"": [2.362470767055212, 48.91800820485815], ""type"": ""Point""}";404;La Plaine-Stade de France;72211;La Plaine Stade de France - Saint-Denis - Aubervilliers;43145;A01857;RER B;B;RER;0;0;0;0;0;SNCF;#4B92DB;solid;1;0;653277.7337;6868857.3799;
142;48.79538383468007,2.5134232981847133;"{""coordinates"": [2.513423298184713, 48.79538383468007], ""type"": ""Point""}";405;La Varenne-Chennevières;72998;La Varenne - Chennevières;43146;A01856;RER A;A;RER;0;0;0;0;0;RATP;#F7403A;solid;1;0;664256.3285;6855143.6716;
327;48.808296587696724,2.3343543096396475;"{""coordinates"": [2.334354309639648, 48.808296587696724], ""type"": ""Point""}";403;Laplace;70427;Laplace;43607;A01857;RER B;B;RER;0;0;0;0;0;RATP;#4B92DB;solid;1;0;651114.3866;6856675.358;
101;48.52040359013404,2.2547397024275164;"{""coordinates"": [2.254739702427516, 48.52040359013404], ""type"": ""Point""}";424;Lardy;59761;Lardy;43149;A01840;RER C;C;RER;0;0;0;0;0;SNCF;#F3D311;solid;1;0;644965.501;6824722.0741;
37;48.93230541513496,2.475674370833511;"{""coordinates"": [2.475674370833511, 48.93230541513496], ""type"": ""Point""}";77;Le Blanc-Mesnil;72648;Le Blanc-Mesnil;46163;A01857;RER B;B;RER;0;0;0;0;0;SNCF;#4B92DB;solid;1;0;661584.448;6870386.1867;
242;48.930739569383356,2.4257914255599533;"{""coordinates"": [2.425791425559953, 48.930739569383356], ""type"": ""Point""}";427;Le Bourget;72641;Le Bourget;43231;A01857;RER B;B;RER;0;0;0;0;0;SNCF;#4B92DB;solid;1;0;657928.49;6870237.4878;
277;48.62333224013671,2.451409095593274;"{""coordinates"": [2.451409095593274, 48.62333224013671], ""type"": ""Point""}";428;Le Bras-de-Fer;60422;Le Bras de Fer;45850;A01842;RER D;D;RER;0;0;0;0;0;SNCF;#3F9C35;solid;1;0;659567.9704;6836045.1779;
298;48.877157838768376,2.552881649780831;"{""coordinates"": [2.552881649780831, 48.877157838768376], ""type"": ""Point""}";181;Le Chénay-Gagny;73266;Le Chénay Gagny;43127;A01843;RER E;E;RER;0;0;0;0;0;SNCF;#DE81D3;solid;1;0;667206.3725;6864219.085;
433;48.56611781980045,2.492713002881577;"{""coordinates"": [2.492713002881577, 48.56611781980045], ""type"": ""Point""}";214;Le Coudray-Montceaux;59953;Le Coudray-Montceaux;45824;A01842;RER D;D;RER;0;0;0;0;0;SNCF;#3F9C35;solid;1;0;662571.2287;6829664.4286;
483;48.7054039238503,2.1927348848067565;"{""coordinates"": [2.192734884806756, 48.7054039238503], ""type"": ""Point""}";429;Le Guichet;63025;Le Guichet;43232;A01857;RER B;B;RER;0;0;0;0;0;RATP;#4B92DB;solid;1;0;640597.1051;6845332.8158;
135;48.53877525569195,2.6255221550663017;"{""coordinates"": [2.625522155066302, 48.53877525569195], ""type"": ""Point""}";430;Le Mée;62003;Le Mée;45784;A01842;RER D;D;RER;0;0;0;0;0;SNCF;#3F9C35;solid;1;0;672355.684;6826570.1821;
826;48.80537766122676,2.486349748779074;"{""coordinates"": [2.486349748779074, 48.80537766122676], ""type"": ""Point""}";431;Le Parc de Saint-Maur;70359;Le Parc de Saint-Maur;43234;A01856;RER A;A;RER;0;0;0;0;0;RATP;#F7403A;solid;1;0;662274.7753;6856267.4523;
894;48.573807792623285,2.479469169601777;"{""coordinates"": [2.479469169601777, 48.573807792623285], ""type"": ""Point""}";433;Le Plessis-Chenet;60006;Le Plessis Chenet;45820;A01842;RER D;D;RER;0;0;0;0;0;SNCF;#3F9C35;solid;1;0;661599.7184;6830525.6467;
89;48.888865741372086,2.513157532747811;"{""coordinates"": [2.513157532747811, 48.888865741372086], ""type"": ""Point""}";434;Le Raincy-Villemomble-Montfermeil;73297;Le Raincy - Villemomble - Montfermeil;47901;A01843;RER E;E;RER;0;0;0;0;0;SNCF;#DE81D3;solid;1;0;664300.8931;6865538.1823;
172;48.8900862346195,2.134600875228716;"{""coordinates"": [2.134600875228716, 48.8900862346195], ""type"": ""Point""}";438;Le Vésinet-Centre;64514;Le Vésinet Centre;53784;A01856;RER A;A;RER;0;0;0;0;0;RATP;#F7403A;solid;1;0;636544.5065;6865911.5752;
438;48.897973445402116,2.122117447472966;"{""coordinates"": [2.122117447472966, 48.897973445402116], ""type"": ""Point""}";439;Le Vésinet-Le Pecq;64582;Le Vésinet - Le Pecq;43237;A01856;RER A;A;RER;0;0;0;0;0;RATP;#F7403A;solid;1;0;635638.9457;6866798.6735;
498;48.788466672616934,2.4322435333606984;"{""coordinates"": [2.432243533360698, 48.788466672616934], ""type"": ""Point""}";437;Le Vert-de-Maisons;73624;Le Vert de Maisons;464040;A01842;RER D;D;RER;0;0;0;0;0;SNCF;#3F9C35;solid;1;0;658287.4706;6854414.3946;
918;48.78222618259531,2.409590234985702;"{""coordinates"": [2.409590234985702, 48.78222618259531], ""type"": ""Point""}";444;Les Ardoines;70064;Les Ardoines;43227;A01840;RER C;C;RER;0;0;0;0;0;SNCF;#F3D311;solid;1;0;656617.9966;6853732.7521;
286;48.739681041595524,2.2876674954630727;"{""coordinates"": [2.287667495463073, 48.739681041595524], ""type"": ""Point""}";445;Les Baconnets;69622;Les Baconnets;43228;A01857;RER B;B;RER;0;0;0;0;0;RATP;#4B92DB;solid;1;0;647616.9325;6849076.4381;
593;48.824848568564235,2.5118555534510065;"{""coordinates"": [2.511855553451007, 48.824848568564235], ""type"": ""Point""}";446;Les Boullereaux-Champigny;73098;Les Boullereaux Champigny;58267;A01843;RER E;E;RER;0;0;0;0;0;SNCF;#DE81D3;solid;1;0;664161.4175;6858420.5153;
326;48.92087280342236,2.313835382457718;"{""coordinates"": [2.313835382457718, 48.92087280342236], ""type"": ""Point""}";450;Les Grésillons;72225;Les Grésillons;43230;A01840;RER C;C;RER;0;0;0;0;0;SNCF;#F3D311;solid;1;0;649716.2727;6869205.7905;
482;49.03318276809758,2.4780333651150817;"{""coordinates"": [2.478033365115082, 49.03318276809758], ""type"": ""Point""}";452;Les Noues;66650;Les Noues;47968;A01842;RER D;D;RER;0;0;0;0;0;SNCF;#3F9C35;solid;1;0;661831.4373;6881603.1594;
185;48.745072165958895,2.417520977896491;"{""coordinates"": [2.417520977896491, 48.745072165958895], ""type"": ""Point""}";454;Les Saules;69662;Les Saules;46298;A01840;RER C;C;RER;0;0;0;0;0;SNCF;#F3D311;solid;1;0;657170.2467;6849597.5353;
912;48.82315185489966,2.5798372539116783;"{""coordinates"": [2.579837253911678, 48.82315185489966], ""type"": ""Point""}";968;Les Yvris-Noisy-le-Grand;73096;Les Yvris Noisy-le-Grand;58288;A01843;RER E;E;RER;0;0;0;0;0;SNCF;#DE81D3;solid;1;0;669151.4423;6858203.1511;
196;48.628375550788355,2.56958354823646;"{""coordinates"": [2.56958354823646, 48.628375550788355], ""type"": ""Point""}";468;Lieusaint-Moissy;62412;Lieusaint - Moissy;47669;A01842;RER D;D;RER;0;0;0;0;0;SNCF;#3F9C35;solid;1;0;668280.5752;6836551.8559;
596;48.83921929901705,2.6332109134176322;"{""coordinates"": [2.633210913417632, 48.83921929901705], ""type"": ""Point""}";473;Lognes;68123;Lognes;43152;A01856;RER A;A;RER;0;0;0;0;0;RATP;#F7403A;solid;1;0;673078.4315;6859970.1835;
845;49.049325599952056,2.501758065846462;"{""coordinates"": [2.501758065846462, 49.049325599952056], ""type"": ""Point""}";482;Louvres;69300;Louvres;44628;A01842;RER D;D;RER;0;0;0;0;0;SNCF;#3F9C35;solid;1;0;663577.5993;6883387.227;
617;48.705968983887125,2.2122623780174924;"{""coordinates"": [2.212262378017492, 48.705968983887125], ""type"": ""Point""}";483;Lozère;63029;Lozère;474069;A01857;RER B;B;RER;0;0;0;0;0;RATP;#4B92DB;solid;1;0;642034.6212;6845381.1235;
827;48.84543414954589,2.339762849560475;"{""coordinates"": [2.339762849560475, 48.84543414954589], ""type"": ""Point""}";484;Luxembourg;71161;Luxembourg;43833;A01857;RER B;B;RER;0;0;0;0;0;RATP;#4B92DB;solid;1;0;651546.1125;6860801.2806;
343;48.88077520385858,2.358732959087859;"{""coordinates"": [2.358732959087859, 48.88077520385858], ""type"": ""Point""}";490;Magenta;478733;Gare du Nord;58572;A01843;RER E;E;RER;0;0;0;0;0;SNCF;#DE81D3;solid;1;0;652970.1854;6864719.4497;
307;48.80204937938918,2.426482408484047;"{""coordinates"": [2.426482408484047, 48.80204937938918], ""type"": ""Point""}";498;Maisons-Alfort-Alfortville;73625;Maisons-Alfort - Alfortville;43154;A01842;RER D;D;RER;0;0;0;0;0;SNCF;#3F9C35;solid;1;0;657875.1827;6855927.6603;
6;48.94550297097257,2.145017437654258;"{""coordinates"": [2.145017437654258, 48.94550297097257], ""type"": ""Point""}";501;Maisons-Laffitte;65048;Maisons-Laffitte;473109;A01856;RER A;A;RER;0;0;0;0;0;SNCF;#F7403A;solid;1;0;637374.9956;6872065.3017;
106;48.3936415468044,2.3934107240666367;"{""coordinates"": [2.393410724066637, 48.3936415468044], ""type"": ""Point""}";503;Maisse;59470;Maisse;43156;A01842;RER D;D;RER;0;0;0;0;0;SNCF;#3F9C35;solid;1;0;655097.3353;6810544.2369;
70;48.869950134005364,2.7822267234490363;"{""coordinates"": [2.782226723449036, 48.869950134005364], ""type"": ""Point""}";182;Marne-la-Vallée-Chessy;68385;Marne-la-Vallée Chessy;43239;A01856;RER A;A;RER;0;RER A;0;0;0;RATP;#F7403A;solid;1;1;684025.274;6863346.7947;
108;48.565593861886065,2.290924468489717;"{""coordinates"": [2.290924468489717, 48.565593861886065], ""type"": ""Point""}";518;Marolles-en-Hurepoix;59948;Marolles-en-Hurepoix;43159;A01840;RER C;C;RER;0;0;0;0;0;SNCF;#F3D311;solid;1;0;647682.6387;6829720.8564;
523;48.72509804026411,2.259946049525821;"{""coordinates"": [2.259946049525821, 48.72509804026411], ""type"": ""Point""}";520;Massy-Palaiseau;63244;Massy - Palaiseau;58774;A01857;RER B;B;RER;0;0;0;0;0;RATP;#4B92DB;solid;1;1;645563.2328;6847473.8777;
524;48.725997091123524,2.2583229936112406;"{""coordinates"": [2.258322993611241, 48.725997091123524], ""type"": ""Point""}";522;Massy-Palaiseau;63244;Massy - Palaiseau;58774;A01840;RER C;C;RER;0;RER C;0;0;0;SNCF;#F3D311;solid;1;1;645444.7867;6847574.9519;
;48.725997091123524,2.2583229936112406;"{""coordinates"": [2.258322993611241, 48.725997091123524], ""type"": ""Point""}";522;Massy-Palaiseau;63244;Massy - Palaiseau;58774;A01840;RER C;C;RER;0;RER C;0;0;0;SNCF;#F3D311;solid;1;1;645444.7867;6847574.9519;
445;48.734888146410114,2.2740024044842473;"{""coordinates"": [2.274002404484247, 48.734888146410114], ""type"": ""Point""}";523;Massy-Verrières;63320;Massy - Verrières;47940;A01857;RER B;B;RER;0;0;0;0;0;RATP;#4B92DB;solid;1;0;646607.1661;6848552.7229;
179;48.734888146410114,2.2740024044842473;"{""coordinates"": [2.274002404484247, 48.734888146410114], ""type"": ""Point""}";524;Massy-Verrières;63320;Massy - Verrières;47940;A01840;RER C;C;RER;0;0;0;0;0;SNCF;#F3D311;solid;1;0;646607.1661;6848552.7229;
430;48.52724332052425,2.6549902821418874;"{""coordinates"": [2.654990282141887, 48.52724332052425], ""type"": ""Point""}";530;Melun;61926;Melun;47909;A01842;RER D;D;RER;0;RER D;0;0;0;SNCF;#3F9C35;solid;1;1;674525.434;6825278.3423;
921;48.52724332052425,2.6549902821418874;"{""coordinates"": [2.654990282141887, 48.52724332052425], ""type"": ""Point""}";530;Melun;61926;Melun;47909;A01842;RER D;D;RER;0;RER D;0;0;0;SNCF;#3F9C35;solid;1;1;674525.434;6825278.3423;
571;48.57059685778347,2.432098533660356;"{""coordinates"": [2.432098533660356, 48.57059685778347], ""type"": ""Point""}";534;Mennecy;59984;Mennecy;47899;A01842;RER D;D;RER;0;0;0;0;0;SNCF;#3F9C35;solid;1;0;658102.6114;6830192.7879;
366;48.80749262484541,2.240883069335647;"{""coordinates"": [2.240883069335647, 48.80749262484541], ""type"": ""Point""}";540;Meudon-Val-Fleury;70412;Meudon Val Fleury;43163;A01840;RER C;C;RER;0;0;0;0;0;SNCF;#F3D311;solid;1;0;644249.1144;6856647.9002;
904;48.97585875308649,2.6424063023101887;"{""coordinates"": [2.642406302310189, 48.97585875308649], ""type"": ""Point""}";551;Mitry-Claye;69065;Mitry - Claye;43164;A01857;RER B;B;RER;0;RER B;0;0;0;SNCF;#4B92DB;solid;1;1;673822.1592;6875161.2649;
901;48.7082378276465,2.462282244689791;"{""coordinates"": [2.462282244689791, 48.7082378276465], ""type"": ""Point""}";556;Montgeron-Crosne;63072;Montgeron - Crosne;47684;A01842;RER D;D;RER;0;0;0;0;0;SNCF;#3F9C35;solid;1;0;660433.607;6845478.9578;
645;49.00776771833622,2.1965029019130347;"{""coordinates"": [2.196502901913035, 49.00776771833622], ""type"": ""Point""}";559;Montigny-Beauchamp;66335;Montigny - Beauchamp;43166;A01840;RER C;C;RER;0;0;0;0;0;SNCF;#F3D311;solid;1;0;641216.4811;6878949.6337;
207;48.58715390622369,2.4734903663442234;"{""coordinates"": [2.473490366344223, 48.58715390622369], ""type"": ""Point""}";571;Moulin-Galant;60084;Moulin Galant;45761;A01842;RER D;D;RER;0;0;0;0;0;SNCF;#3F9C35;solid;1;0;661168.5531;6832012.2082;
361;48.860351433091736,2.32675977444181;"{""coordinates"": [2.32675977444181, 48.860351433091736], ""type"": ""Point""}";574;Musée d'Orsay;71269;Musée d'Orsay;45705;A01840;RER C;C;RER;0;0;0;0;0;SNCF;#F3D311;solid;1;0;650606.0;6862468.0;
357;48.89574531027312,2.2232129684066613;"{""coordinates"": [2.223212968406661, 48.89574531027312], ""type"": ""Point""}";577;Nanterre-Préfecture;70945;Nanterre Préfecture / Esplanade Charles De Gaulle;43169;A01856;RER A;A;RER;0;0;0;0;0;RATP;#F7403A;solid;1;0;643047.9676;6866473.262;
577;48.90101049482036,2.2135566086399576;"{""coordinates"": [2.213556608639958, 48.90101049482036], ""type"": ""Point""}";578;Nanterre-Université;70956;Nanterre Université;43170;A01856;RER A;A;RER;0;0;0;0;0;RATP;#F7403A;solid;1;1;642345.8425;6867065.7254;
578;48.89512589040026,2.1953639869129002;"{""coordinates"": [2.1953639869129, 48.89512589040026], ""type"": ""Point""}";580;Nanterre-Ville;70940;Nanterre Ville;43171;A01856;RER A;A;RER;0;0;0;0;0;RATP;#F7403A;solid;1;0;641005.5193;6866424.833;
306;48.848237109475654,2.3958235888261252;"{""coordinates"": [2.395823588826125, 48.848237109475654], ""type"": ""Point""}";582;Nation;71673;Nation;473875;A01856;RER A;A;RER;0;0;0;0;0;RATP;#F7403A;solid;1;0;655662.633;6861080.0037;
632;48.87790843722566,2.2844312199167676;"{""coordinates"": [2.284431219916768, 48.87790843722566], ""type"": ""Point""}";590;Neuilly Porte Maillot;71379;Porte Maillot;415093;A01840;RER C;C;RER;0;0;0;0;0;SNCF;#F3D311;solid;1;0;647518.2308;6864447.5037;
869;48.85290746187024,2.5143124384334397;"{""coordinates"": [2.51431243843344, 48.85290746187024], ""type"": ""Point""}";589;Neuilly-Plaisance;73190;Neuilly-Plaisance;43172;A01856;RER A;A;RER;0;0;0;0;0;RATP;#F7403A;solid;1;0;664360.9851;6861539.3034;
129;49.014133684049256,2.078306591409993;"{""coordinates"": [2.078306591409993, 49.014133684049256], ""type"": ""Point""}";591;Neuville Université;66436;Neuville Université;47879;A01856;RER A;A;RER;0;0;0;0;0;SNCF;#F7403A;solid;1;0;632577.9185;6879752.0129;
868;48.839341938245695,2.494188055346114;"{""coordinates"": [2.494188055346114, 48.839341938245695], ""type"": ""Point""}";593;Nogent-le-Perreux;71609;Nogent - Le Perreux;46552;A01843;RER E;E;RER;0;0;0;0;0;SNCF;#DE81D3;solid;1;0;662874.6459;6860040.2011;
289;48.83428889796156,2.4716812425710324;"{""coordinates"": [2.471681242571032, 48.83428889796156], ""type"": ""Point""}";594;Nogent-sur-Marne;71590;Nogent-sur-Marne;47886;A01856;RER A;A;RER;0;0;0;0;0;RATP;#F7403A;solid;1;0;661218.966;6859489.1681;
597;48.843509238513676,2.6166786246946017;"{""coordinates"": [2.616678624694602, 48.843509238513676], ""type"": ""Point""}";596;Noisiel;68153;Noisiel;44199;A01856;RER A;A;RER;0;0;0;0;0;RATP;#F7403A;solid;1;0;671867.3203;6860452.9548;
598;48.84288483988904,2.5800859119743556;"{""coordinates"": [2.580085911974356, 48.84288483988904], ""type"": ""Point""}";597;Noisy-Champs;73163;Noisy - Champs;58937;A01856;RER A;A;RER;0;0;0;0;0;RATP;#F7403A;solid;1;0;669181.367;6860397.1861;
116;48.84084437122463,2.549900487641345;"{""coordinates"": [2.549900487641345, 48.84084437122463], ""type"": ""Point""}";598;Noisy-le-Grand-Mont d'Est;479919;Noisy-le-Grand Mont d'Est;42613;A01856;RER A;A;RER;0;0;0;0;0;RATP;#F7403A;solid;1;0;666964.7068;6860182.5075;
620;48.896652450209764,2.458363412015992;"{""coordinates"": [2.458363412015992, 48.896652450209764], ""type"": ""Point""}";599;Noisy-le-Sec;72041;Noisy-le-Sec;44201;A01843;RER E;E;RER;0;0;0;0;0;SNCF;#DE81D3;solid;1;0;660288.9577;6866430.2001;
337;48.6363513661665,2.4077962861739053;"{""coordinates"": [2.407796286173905, 48.6363513661665], ""type"": ""Point""}";609;Orangis-Bois de l'Epine;60542;Orangis Bois de l'Épine;48489;A01842;RER D;D;RER;0;0;0;0;0;SNCF;#3F9C35;solid;1;0;656364.5494;6837515.7345;
454;48.741878704743876,2.4029086073679395;"{""coordinates"": [2.40290860736794, 48.741878704743876], ""type"": ""Point""}";611;Orly Ville;69639;Orly Ville;46299;A01840;RER C;C;RER;0;0;0;0;0;SNCF;#F3D311;solid;1;0;656093.1327;6849250.5092;
429;48.697505669868114,2.181054439041218;"{""coordinates"": [2.181054439041218, 48.697505669868114], ""type"": ""Point""}";612;Orsay-Ville;62892;Orsay Ville;43086;A01857;RER B;B;RER;0;0;0;0;0;RATP;#4B92DB;solid;1;0;639728.5187;6844463.5866;
964;48.770778916124826,2.6902527821957585;"{""coordinates"": [2.690252782195758, 48.770778916124826], ""type"": ""Point""}";965;Ozoir-la-Ferrière;462934;Ozoir-la-Ferrière;462901;A01843;RER E;E;RER;0;0;0;0;0;SNCF;#DE81D3;solid;1;0;677235.3132;6852342.427;
520;48.716946286650035,2.2456725145819054;"{""coordinates"": [2.245672514581905, 48.716946286650035], ""type"": ""Point""}";616;Palaiseau;63175;Palaiseau;47009;A01857;RER B;B;RER;0;0;0;0;0;RATP;#4B92DB;solid;1;0;644504.6761;6846577.5278;
616;48.70814058271019,2.2373143646394547;"{""coordinates"": [2.237314364639455, 48.70814058271019], ""type"": ""Point""}";617;Palaiseau-Villebon;63067;Palaiseau - Villebon;43175;A01857;RER B;B;RER;0;0;0;0;0;RATP;#4B92DB;solid;1;0;643880.336;6845604.4536;
1196;48.89811230534608,2.400361703159175;"{""coordinates"": [2.400361703159175, 48.89811230534608], ""type"": ""Point""}";620;Pantin;72421;Pantin;43176;A01843;RER E;E;RER;0;0;0;0;0;SNCF;#DE81D3;solid;1;1;656037.7706;6866623.2615;
102;48.7695633327529,2.309905064564245;"{""coordinates"": [2.309905064564245, 48.7695633327529], ""type"": ""Point""}";622;Parc de Sceaux;69906;Parc de Sceaux;43177;A01857;RER B;B;RER;0;0;0;0;0;RATP;#4B92DB;solid;1;0;649281.2192;6852384.2514;
905;48.97342490628139,2.5143602855334923;"{""coordinates"": [2.514360285533492, 48.97342490628139], ""type"": ""Point""}";621;Parc des Expositions;73568;Parc des Expositions;47878;A01857;RER B;B;RER;0;0;0;0;0;SNCF;#4B92DB;solid;1;0;664446.919;6874940.6593;
828;48.84252802674902,2.3654333833527588;"{""coordinates"": [2.365433383352759, 48.84252802674902], ""type"": ""Point""}";38;Paris Austerlitz;71135;Gare d'Austerlitz;462352;A01840;RER C;C;RER;0;0;0;0;0;SNCF;#F3D311;solid;1;1;653427.3991;6860462.7023;
688;48.88604139898206,2.299279102380643;"{""coordinates"": [2.299279102380643, 48.88604139898206], ""type"": ""Point""}";632;Pereire-Levallois;71453;Péreire;44314;A01840;RER C;C;RER;0;0;0;0;0;SNCF;#F3D311;solid;1;0;648615.2115;6865342.0675;
380;48.77163431277776,2.146972741512856;"{""coordinates"": [2.146972741512856, 48.77163431277776], ""type"": ""Point""}";638;Petit-Jouy-les-Loges;63594;Petit Jouy Les Loges;57674;A01840;RER C;C;RER;0;0;0;0;0;SNCF;#F3D311;solid;1;0;637309.3571;6852731.511;
322;48.96375542868628,2.372103138402568;"{""coordinates"": [2.372103138402568, 48.96375542868628], ""type"": ""Point""}";643;Pierrefitte Stains;72787;Pierrefitte - Stains;43179;A01842;RER D;D;RER;0;0;0;0;0;SNCF;#3F9C35;solid;1;0;654024.0938;6873938.8178;
960;49.019136738908486,2.1546634856409232;"{""coordinates"": [2.154663485640923, 49.019136738908486], ""type"": ""Point""}";645;Pierrelaye;66491;Pierrelaye;43180;A01840;RER C;C;RER;0;0;0;0;0;SNCF;#F3D311;solid;1;0;638169.176;6880245.8814;
4;48.93326540519439,2.0410722896759257;"{""coordinates"": [2.041072289675926, 48.93326540519439], ""type"": ""Point""}";660;Poissy;64883;Poissy;47874;A01856;RER A;A;RER;0;RER A;0;0;0;SNCF;#F7403A;solid;1;1;629745.1416;6870791.9926;
141;48.86266245075987,2.300989969386769;"{""coordinates"": [2.300989969386769, 48.86266245075987], ""type"": ""Point""}";664;Pont de l'Alma;71271;Pont de l'Alma;415091;A01840;RER C;C;RER;0;0;0;0;0;SNCF;#F3D311;solid;1;0;648717.6553;6862741.3932;
611;48.748349681429666,2.373111940704934;"{""coordinates"": [2.373111940704934, 48.748349681429666], ""type"": ""Point""}";670;Pont de Rungis;69677;Pont de Rungis Aéroport d'Orly;47907;A01840;RER C;C;RER;0;0;0;0;0;SNCF;#F3D311;solid;1;0;653907.804;6849986.9378;
376;48.83908975449538,2.2704582437872416;"{""coordinates"": [2.270458243787242, 48.83908975449538], ""type"": ""Point""}";57;Pont du Garigliano;74002;Pont du Garigliano - Hôpital Européen G. Pompidou;58798;A01840;RER C;C;RER;0;0;0;0;0;SNCF;#F3D311;solid;1;0;646453.5639;6860140.6142;
819;48.53513976605376,2.544348950368585;"{""coordinates"": [2.544348950368585, 48.53513976605376], ""type"": ""Point""}";672;Ponthierry-Pringy;61976;Ponthierry - Pringy;45812;A01842;RER D;D;RER;0;0;0;0;0;SNCF;#3F9C35;solid;1;0;666361.1282;6826197.5486;
;49.04664576170749,2.0951950672259683;"{""coordinates"": [2.095195067225968, 49.04664576170749], ""type"": ""Point""}";676;Pontoise;66816;Pontoise;44411;A01840;RER C;C;RER;0;RER C;0;0;0;SNCF;#F3D311;solid;1;1;633854.6907;6883353.2516;
916;48.796528180240905,2.1523786602533717;"{""coordinates"": [2.152378660253372, 48.796528180240905], ""type"": ""Point""}";679;Porchefontaine;63886;Porchefontaine;43183;A01840;RER C;C;RER;0;0;0;0;0;SNCF;#F3D311;solid;1;0;637736.3447;6855494.9687;
484;48.84003378648352,2.33709643088009;"{""coordinates"": [2.33709643088009, 48.84003378648352], ""type"": ""Point""}";680;Port Royal;71106;Port Royal;44500;A01857;RER B;B;RER;0;0;0;0;0;RATP;#4B92DB;solid;1;0;651345.3912;6860202.4553;
832;48.894168385277624,2.3155992205467677;"{""coordinates"": [2.315599220546768, 48.894168385277624], ""type"": ""Point""}";688;Porte de Clichy;71545;Porte de Clichy;44514;A01840;RER C;C;RER;0;0;0;0;0;SNCF;#F3D311;solid;1;0;649819.7897;6866235.2447;
917;48.658975422894706,2.415206841330065;"{""coordinates"": [2.415206841330065, 48.658975422894706], ""type"": ""Point""}";740;Ris-Orangis;60839;Ris-Orangis;47948;A01842;RER D;D;RER;0;0;0;0;0;SNCF;#3F9C35;solid;1;0;656929.2001;6840026.8224;
287;48.78023729617356,2.281430595437461;"{""coordinates"": [2.281430595437461, 48.78023729617356], ""type"": ""Point""}";742;Robinson;427230;Robinson;43186;A01857;RER B;B;RER;0;RER B;0;0;0;RATP;#4B92DB;solid;1;1;647199.3342;6853589.6746;
963;48.795654820477296,2.65038766844115;"{""coordinates"": [2.65038766844115, 48.795654820477296], ""type"": ""Point""}";964;Roissy-en-Brie;67839;Roissy-en-Brie;46568;A01843;RER E;E;RER;0;0;0;0;0;SNCF;#DE81D3;solid;1;0;674317.7147;6855120.5286;
490;48.89658112768104,2.3738190054032113;"{""coordinates"": [2.373819005403211, 48.89658112768104], ""type"": ""Point""}";1196;Rosa Parks;73798;Rosa Parks;58498;A01843;RER E;E;RER;0;0;0;0;0;SNCF;#DE81D3;solid;1;1;654090.4936;6866468.1059;
599;48.88252792360069,2.481213457683428;"{""coordinates"": [2.481213457683428, 48.88252792360069], ""type"": ""Point""}";747;Rosny-Bois-Perrier;426280;Rosny Bois Perrier;42356;A01843;RER E;E;RER;0;0;0;0;0;SNCF;#DE81D3;solid;1;0;661953.9055;6864848.361;
747;48.86991241825165,2.4857611406117885;"{""coordinates"": [2.485761140611789, 48.86991241825165], ""type"": ""Point""}";748;Rosny-sous-Bois;71935;Rosny-sous-Bois;47877;A01843;RER E;E;RER;0;0;0;0;0;SNCF;#DE81D3;solid;1;0;662278.2772;6863443.403;
580;48.8875736177044,2.1725794477184146;"{""coordinates"": [2.172579447718415, 48.8875736177044], ""type"": ""Point""}";753;Rueil-Malmaison;70902;Rueil-Malmaison;58875;A01856;RER A;A;RER;0;0;0;0;0;RATP;#F7403A;solid;1;0;639326.2579;6865602.3414;
670;48.74019544726775,2.35163319817191;"{""coordinates"": [2.35163319817191, 48.74019544726775], ""type"": ""Point""}";756;Rungis-La Fraternelle;69633;Rungis la Fraternelle;44787;A01840;RER C;C;RER;0;0;0;0;0;SNCF;#F3D311;solid;1;0;652321.1615;6849093.1005;
110;48.55092667936702,2.1249373835377647;"{""coordinates"": [2.124937383537765, 48.55092667936702], ""type"": ""Point""}";811;Saint-Chéron;59882;Saint-Chéron;47952;A01840;RER C;C;RER;0;0;0;0;0;SNCF;#F3D311;solid;1;0;635418.0825;6828213.3022;
887;48.79870763435358,2.0718470059294005;"{""coordinates"": [2.071847005929401, 48.79870763435358], ""type"": ""Point""}";814;Saint-Cyr;73731;Saint-Cyr;46990;A01840;RER C;C;RER;0;0;0;0;0;SNCF;#F3D311;solid;1;0;631823.8462;6855803.8011;
643;48.93445554412717,2.3456043781962896;"{""coordinates"": [2.34560437819629, 48.93445554412717], ""type"": ""Point""}";816;Saint-Denis;72323;Saint-Denis;412743;A01842;RER D;D;RER;0;0;0;0;0;SNCF;#3F9C35;solid;1;1;652056.8409;6870696.4072;
257;48.65281140050726,2.312736251060262;"{""coordinates"": [2.312736251060262, 48.65281140050726], ""type"": ""Point""}";818;Sainte-Geneviève-des-Bois;60785;Sainte-Geneviève-des-Bois;43188;A01840;RER C;C;RER;0;0;0;0;0;SNCF;#F3D311;solid;1;0;649376.3157;6839402.3497;
214;48.56507294010044,2.5426094498060037;"{""coordinates"": [2.542609449806004, 48.56507294010044], ""type"": ""Point""}";819;Saint-Fargeau;62172;Saint-Fargeau;45814;A01842;RER D;D;RER;0;0;0;0;0;SNCF;#3F9C35;solid;1;0;666251.9841;6829525.7859;
439;48.89807641019572,2.094836628297753;"{""coordinates"": [2.094836628297753, 48.89807641019572], ""type"": ""Point""}";820;Saint-Germain-en-Laye;64589;Saint-Germain-en-Laye;43198;A01856;RER A;A;RER;0;RER A;0;0;0;RATP;#F7403A;solid;1;1;633639.0981;6866832.704;
265;48.96358968393914,2.2859307182089417;"{""coordinates"": [2.285930718208942, 48.96358968393914], ""type"": ""Point""}";821;Saint-Gratien;65305;Saint-Gratien;43201;A01840;RER C;C;RER;0;0;0;0;0;SNCF;#F3D311;solid;1;0;647714.366;6873974.0035;
271;48.42736258324724,2.1452465929031157;"{""coordinates"": [2.145246592903116, 48.42736258324724], ""type"": ""Point""}";825;Saint-Martin-d'Étampes;59531;Saint-Martin d'Étampes;47115;A01840;RER C;C;RER;0;RER C;0;0;0;SNCF;#F3D311;solid;1;1;636768.2154;6814462.2274;
378;48.806200023829,2.472720403802171;"{""coordinates"": [2.472720403802171, 48.806200023829], ""type"": ""Point""}";826;Saint-Maur-Créteil;70393;Saint-Maur-des-Fossés - Créteil;44801;A01856;RER A;A;RER;0;0;0;0;0;RATP;#F7403A;solid;1;0;661274.3885;6856365.4867;
164;48.852118881696434,2.3440211520552796;"{""coordinates"": [2.34402115205528, 48.852118881696434], ""type"": ""Point""}";827;Saint-Michel;73620;Saint-Michel Notre-Dame;44877;A01857;RER B;B;RER;0;0;0;0;0;RATP;#4B92DB;solid;1;0;651864.7911;6861541.954;
574;48.85353289978531,2.34528833219743;"{""coordinates"": [2.34528833219743, 48.85353289978531], ""type"": ""Point""}";828;Saint-Michel;73620;Saint-Michel Notre-Dame;44877;A01840;RER C;C;RER;0;0;0;0;0;SNCF;#F3D311;solid;1;0;651959.0773;6861698.4081;
818;48.635875860403985,2.3068331640148245;"{""coordinates"": [2.306833164014825, 48.635875860403985], ""type"": ""Point""}";829;Saint-Michel-sur-Orge;60536;Saint-Michel-sur-Orge;43202;A01840;RER C;C;RER;0;0;0;0;0;SNCF;#F3D311;solid;1;0;648924.979;6837523.4219;
450;48.90456638896682,2.3226263683342263;"{""coordinates"": [2.322626368334226, 48.90456638896682], ""type"": ""Point""}";832;Saint-Ouen;72126;Saint-Ouen;43203;A01840;RER C;C;RER;0;0;0;0;0;SNCF;#F3D311;solid;1;0;650344.9256;6867387.0104;
676;49.045311647416625,2.1051107034445073;"{""coordinates"": [2.105110703444507, 49.045311647416625], ""type"": ""Point""}";805;Saint-Ouen-l'Aumône;66803;Saint-Ouen-l'Aumône;47599;A01840;RER C;C;RER;0;0;0;0;0;SNCF;#F3D311;solid;1;0;634577.8556;6883196.6275;
805;49.03398763533776,2.128263873923672;"{""coordinates"": [2.128263873923672, 49.03398763533776], ""type"": ""Point""}";960;Saint-Ouen-l'Aumône-Liesse;66659;Saint-Ouen-l'Aumône Liesse;43150;A01840;RER C;C;RER;0;0;0;0;0;SNCF;#F3D311;solid;1;0;636256.5279;6881918.3815;
814;48.78739023735681,2.044621988534177;"{""coordinates"": [2.044621988534177, 48.78739023735681], ""type"": ""Point""}";835;Saint-Quentin-en-Yvelines;63812;Saint-Quentin en Yvelines - Montigny-le-Bretonneux;461504;A01840;RER C;C;RER;0;RER C;0;0;0;SNCF;#F3D311;solid;1;1;629808.9428;6854569.3771;
219;48.702751041142115,2.071242846320577;"{""coordinates"": [2.071242846320577, 48.702751041142115], ""type"": ""Point""}";839;Saint-Rémy-lès-Chevreuse;62978;Saint-Rémy-lès-Chevreuse;47889;A01857;RER B;B;RER;0;RER B;0;0;0;RATP;#4B92DB;solid;1;1;631653.9858;6845136.1632;
501;48.93773606248046,2.157086496469817;"{""coordinates"": [2.157086496469817, 48.93773606248046], ""type"": ""Point""}";785;Sartrouville;64918;Sartrouville;43191;A01856;RER A;A;RER;0;0;0;0;0;SNCF;#F7403A;solid;1;0;638249.7657;6871192.1379;
468;48.595563837056154,2.5839477110612497;"{""coordinates"": [2.58394771106125, 48.595563837056154], ""type"": ""Point""}";787;Savigny-le-Temple-Nandy;62290;Savigny-le-Temple - Nandy;47665;A01842;RER D;D;RER;0;0;0;0;0;SNCF;#3F9C35;solid;1;0;669319.9086;6832898.5028;
385;48.67644665606244,2.3524814010489967;"{""coordinates"": [2.352481401048997, 48.67644665606244], ""type"": ""Point""}";788;Savigny-sur-Orge;60987;Savigny-sur-Orge;43192;A01840;RER C;C;RER;0;0;0;0;0;SNCF;#F3D311;solid;1;0;652325.414;6842005.2007;
102;48.78135672038832,2.297647677794033;"{""coordinates"": [2.297647677794033, 48.78135672038832], ""type"": ""Point""}";790;Sceaux;74265;Sceaux;59206;A01857;RER B;B;RER;0;0;0;0;0;RATP;#4B92DB;solid;1;0;648392.0449;6853703.414;
811;48.535806508307815,2.069381524887471;"{""coordinates"": [2.069381524887471, 48.535806508307815], ""type"": ""Point""}";793;Sermaise;59842;Sermaise;47950;A01840;RER C;C;RER;0;0;0;0;0;SNCF;#F3D311;solid;1;0;631298.2893;6826579.4598;
37;48.946893910210804,2.5247790470568603;"{""coordinates"": [2.52477904705686, 48.946893910210804], ""type"": ""Point""}";795;Sevran-Beaudottes;73491;Sevran Beaudottes;43193;A01857;RER B;B;RER;0;0;0;0;0;SNCF;#4B92DB;solid;1;0;665191.898;6871985.6773;
889;48.93628018471764,2.5347149747425233;"{""coordinates"": [2.534714974742523, 48.93628018471764], ""type"": ""Point""}";796;Sevran-Livry;73439;Sevran - Livry;43194;A01857;RER B;B;RER;0;0;0;0;0;SNCF;#4B92DB;solid;1;0;665912.7031;6870801.0786;
816;48.91756717565042,2.3503895378897672;"{""coordinates"": [2.350389537889767, 48.91756717565042], ""type"": ""Point""}";806;Stade de France-Saint-Denis;72206;Stade de France Saint-Denis;43204;A01842;RER D;D;RER;0;0;0;0;0;SNCF;#3F9C35;solid;1;0;652391.9594;6868815.5548;
405;48.771707906029434,2.5074826457143127;"{""coordinates"": [2.507482645714313, 48.771707906029434], ""type"": ""Point""}";841;Sucy-Bonneuil;72929;Sucy - Bonneuil;58792;A01856;RER A;A;RER;0;0;0;0;0;RATP;#F7403A;solid;1;0;663803.5173;6852513.9541;
958;49.09958693826033,2.525531713992053;"{""coordinates"": [2.525531713992053, 49.09958693826033], ""type"": ""Point""}";845;Survilliers-Fosses;69450;Survilliers - Fosses;47958;A01842;RER D;D;RER;0;0;0;0;0;SNCF;#3F9C35;solid;1;0;665349.0638;6888966.371;
473;48.83964551632845,2.655130086641313;"{""coordinates"": [2.655130086641313, 48.83964551632845], ""type"": ""Point""}";856;Torcy;68129;Torcy;43207;A01856;RER A;A;RER;0;0;0;0;0;RATP;#F7403A;solid;1;0;674687.4504;6860010.3257;
966;48.73948720636679,2.7588245486748937;"{""coordinates"": [2.758824548674894, 48.73948720636679], ""type"": ""Point""}";967;Tournan;67625;Tournan;43208;A01843;RER E;E;RER;0;RER E;0;0;0;SNCF;#DE81D3;solid;1;1;682264.3099;6848845.6925;
913;48.85409607732852,2.4886964657999346;"{""coordinates"": [2.488696465799935, 48.85409607732852], ""type"": ""Point""}";869;Val de Fontenay;71718;Val de Fontenay;47900;A01856;RER A;A;RER;0;0;0;0;0;RATP;#F7403A;solid;1;1;662482.2054;6861683.3348;
748;48.85426899270086,2.489167460948014;"{""coordinates"": [2.489167460948014, 48.85426899270086], ""type"": ""Point""}";868;Val de Fontenay;71718;Val de Fontenay;47900;A01843;RER E;E;RER;0;0;0;0;0;SNCF;#DE81D3;solid;1;1;662516.8894;6861702.338;
119;48.854824961790285,2.7724281482553645;"{""coordinates"": [2.772428148255365, 48.854824961790285], ""type"": ""Point""}";70;Val d'Europe;68266;Val d'Europe;43213;A01856;RER A;A;RER;0;0;0;0;0;RATP;#F7403A;solid;1;0;683301.6558;6861666.9761;
73;48.75883616277715,2.193014615252485;"{""coordinates"": [2.193014615252485, 48.75883616277715], ""type"": ""Point""}";874;Vauboyen;63454;Vauboyen;43215;A01840;RER C;C;RER;0;0;0;0;0;SNCF;#F3D311;solid;1;0;640678.401;6851273.0425;
679;48.80021557720123,2.129043867370255;"{""coordinates"": [2.129043867370255, 48.80021557720123], ""type"": ""Point""}";885;Versailles Château;73721;Versailles Château Rive Gauche;43220;A01840;RER C;C;RER;0;RER C;0;0;0;SNCF;#F3D311;solid;1;1;636026.8334;6855923.5959;
916;48.795138178428715,2.1351562241000215;"{""coordinates"": [2.135156224100021, 48.795138178428715], ""type"": ""Point""}";887;Versailles-Chantiers;63880;Versailles Chantiers;43219;A01840;RER C;C;RER;0;RER C;0;0;0;SNCF;#F3D311;solid;1;1;636469.5949;6855354.1433;
638;48.795138178428715,2.1351562241000215;"{""coordinates"": [2.135156224100021, 48.795138178428715], ""type"": ""Point""}";887;Versailles-Chantiers;63880;Versailles Chantiers;43219;A01840;RER C;C;RER;0;RER C;0;0;0;SNCF;#F3D311;solid;1;1;636469.5949;6855354.1433;
904;48.944181065040624,2.5664480169629997;"{""coordinates"": [2.566448016963, 48.944181065040624], ""type"": ""Point""}";889;Vert-Galant;73482;Vert Galant;46222;A01857;RER B;B;RER;0;0;0;0;0;SNCF;#4B92DB;solid;1;0;668242.3008;6871666.4393;
901;48.70812051332577,2.413871150351318;"{""coordinates"": [2.413871150351318, 48.70812051332577], ""type"": ""Point""}";893;Vigneux-sur-Seine;63071;Vigneux-sur-Seine;45735;A01842;RER D;D;RER;0;0;0;0;0;SNCF;#3F9C35;solid;1;0;656871.3837;6845491.2648;
270;48.59281218940513,2.4615501808974876;"{""coordinates"": [2.461550180897488, 48.59281218940513], ""type"": ""Point""}";894;Villabé;60124;Villabé;47904;A01842;RER D;D;RER;0;0;0;0;0;SNCF;#3F9C35;solid;1;0;660292.2364;6832647.1609;
185;48.739830698501535,2.4263998204748227;"{""coordinates"": [2.426399820474823, 48.739830698501535], ""type"": ""Point""}";899;Villeneuve-le-Roi;69625;Villeneuve-le-Roi;46307;A01840;RER C;C;RER;0;0;0;0;0;SNCF;#F3D311;solid;1;0;657818.8642;6849010.0051;
902;48.730638291953525,2.4462264454387066;"{""coordinates"": [2.446226445438707, 48.730638291953525], ""type"": ""Point""}";901;Villeneuve-Saint-Georges;69568;Villeneuve-Saint-Georges;45067;A01842;RER D;D;RER;0;0;0;0;0;SNCF;#3F9C35;solid;1;0;659269.6731;6847977.5816;
1159;48.74450070121573,2.438668340778226;"{""coordinates"": [2.438668340778226, 48.74450070121573], ""type"": ""Point""}";902;Villeneuve-Triage;69671;Villeneuve Triage;46304;A01842;RER D;D;RER;0;0;0;0;0;SNCF;#3F9C35;solid;1;0;658724.7365;6849522.7369;
551;48.95314838664854,2.6031353051184483;"{""coordinates"": [2.603135305118448, 48.95314838664854], ""type"": ""Point""}";904;Villeparisis-Mitry-le-Neuf;68916;Villeparisis - Mitry-le-Neuf;46725;A01857;RER B;B;RER;0;0;0;0;0;SNCF;#4B92DB;solid;1;0;670934.6343;6872649.5013;
795;48.962709512366416,2.5126446278196126;"{""coordinates"": [2.512644627819613, 48.962709512366416], ""type"": ""Point""}";905;Villepinte;73547;Villepinte;58793;A01857;RER B;B;RER;0;0;0;0;0;SNCF;#4B92DB;solid;1;0;664313.9648;6873749.8355;
333;48.993777145958845,2.416187488926983;"{""coordinates"": [2.416187488926983, 48.993777145958845], ""type"": ""Point""}";909;Villiers-le-Bel-Gonesse-Arnouville;66009;Villiers-le-Bel - Gonesse - Arnouville;43222;A01842;RER D;D;RER;0;0;0;0;0;SNCF;#3F9C35;solid;1;0;657276.6642;6877252.6;
446;48.82326663318944,2.5426797940158528;"{""coordinates"": [2.542679794015853, 48.82326663318944], ""type"": ""Point""}";912;Villiers-sur-Marne - Le Plessis-Trévise;73097;Villiers-sur-Marne - Le Plessis-Trévise;43223;A01843;RER E;E;RER;0;0;0;0;0;SNCF;#DE81D3;solid;1;0;666423.4263;6858231.0716;
582;48.847340363235745,2.4324346602606606;"{""coordinates"": [2.432434660260661, 48.847340363235745], ""type"": ""Point""}";913;Vincennes;71651;Vincennes;43224;A01856;RER A;A;RER;0;0;0;0;0;RATP;#F7403A;solid;1;0;658348.5648;6860960.3591;
177;48.8007184629288,2.1713898127563778;"{""coordinates"": [2.171389812756378, 48.8007184629288], ""type"": ""Point""}";916;Viroflay Rive Gauche;63923;Viroflay Rive Gauche;462388;A01840;RER C;C;RER;0;0;0;0;0;SNCF;#F3D311;solid;1;0;639137.6827;6855946.0349;
387;48.67609243303041,2.386783798391593;"{""coordinates"": [2.386783798391593, 48.67609243303041], ""type"": ""Point""}";917;Viry-Châtillon;60981;Viry-Châtillon;43225;A01842;RER D;D;RER;0;0;0;0;0;SNCF;#3F9C35;solid;1;0;654850.6245;6841945.6583;
387;48.67609243303041,2.386783798391593;"{""coordinates"": [2.386783798391593, 48.67609243303041], ""type"": ""Point""}";917;Viry-Châtillon;60981;Viry-Châtillon;43225;A01842;RER D;D;RER;0;0;0;0;0;SNCF;#3F9C35;solid;1;0;654850.6245;6841945.6583;
369;48.80020939740985,2.40271281718153;"{""coordinates"": [2.40271281718153, 48.80020939740985], ""type"": ""Point""}";918;Vitry-sur-Seine;70313;Vitry-sur-Seine;46375;A01840;RER C;C;RER;0;0;0;0;0;SNCF;#F3D311;solid;1;0;656127.7934;6855736.0228;
85;48.5151514532052,2.5993042659192627;"{""coordinates"": [2.599304265919263, 48.5151514532052], ""type"": ""Point""}";921;Vosves;61850;Vosves;47967;A01842;RER D;D;RER;0;0;0;0;0;SNCF;#3F9C35;solid;1;0;670406.944;6823953.6014;
556;48.70661093476335,2.4842425564350696;"{""coordinates"": [2.48424255643507, 48.70661093476335], ""type"": ""Point""}";924;Yerres;63044;Yerres;43226;A01842;RER D;D;RER;0;0;0;0;0;SNCF;#3F9C35;solid;1;0;662048.2876;6845287.3038;
550;48.932196005027805,2.495513142584313;"{""coordinates"": [2.495513142584313, 48.932196005027805], ""type"": ""Point""}";956;Aulnay-sous-Bois;72646;Aulnay-sous-Bois;43071;A02175;TRAIN K;K;TRAIN;0;0;0;0;0;SNCF;#AE9A00;solid;1;1;663037.8693;6870364.5512;6876881.3322
852;48.99139140194027,2.6650598693073007;"{""coordinates"": [2.665059869307301, 48.99139140194027], ""type"": ""Point""}";198;Compans;69136;Compans;46731;A02175;TRAIN K;K;TRAIN;0;0;0;0;0;SNCF;#AE9A01;solid;1;0;675487.8426;6876881.3322;6903486.8914
1064;49.23101805923178,2.887366704975861;"{""coordinates"": [2.887366704975861, 49.23101805923178], ""type"": ""Point""}";1063;Crépy-en-Valois;411397;Crépy-en-Valois;411396;A02175;TRAIN K;K;TRAIN;TRAIN K;0;0;0;0;SNCF;#AE9A02;dotted;0;0;691795.0734;6903486.8914;6881418.3975
1066;49.032279109980884,2.699222253625638;"{""coordinates"": [2.699222253625638, 49.032279109980884], ""type"": ""Point""}";230;Dammartin-Juilly-Saint-Mard;69254;Dammartin - Juilly - Saint-Mard;46736;A02175;TRAIN K;K;TRAIN;0;0;0;0;0;SNCF;#AE9A03;solid;1;1;678005.2801;6881418.3975;6864737.2079
956;48.88092200573709,2.3563285436701618;"{""coordinates"": [2.356328543670162, 48.88092200573709], ""type"": ""Point""}";308;Gare du Nord;71410;Gare du Nord;462394;A02175;TRAIN K;K;TRAIN;TRAIN K;0;0;0;0;SNCF;#AE9A04;solid;1;1;652793.9852;6864737.2079;6888506.9086
1065;49.096120808888976,2.7446862074424234;"{""coordinates"": [2.744686207442423, 49.096120808888976], ""type"": ""Point""}";1066;Le Plessis-Belleville;411406;Le Plessis-Belleville;411405;A02175;TRAIN K;K;TRAIN;0;0;0;0;0;SNCF;#AE9A05;dotted;0;0;681352.8292;6888506.9086;6875161.2649
198;48.97585875308649,2.6424063023101887;"{""coordinates"": [2.642406302310189, 48.97585875308649], ""type"": ""Point""}";550;Mitry-Claye;69065;Mitry - Claye;43164;A02175;TRAIN K;K;TRAIN;0;0;0;0;0;SNCF;#AE9A06;solid;1;1;673822.1592;6875161.2649;6893697.4278
1064;49.14288419739151,2.7944545501073197;"{""coordinates"": [2.79445455010732, 49.14288419739151], ""type"": ""Point""}";1065;Nanteuil-le-Haudouin;411391;Nanteuil-le-Haudouin;411390;A02175;TRAIN K;K;TRAIN;0;0;0;0;0;SNCF;#AE9A07;dotted;0;0;685001.2538;6893697.4278;6900140.4555
1063;49.20087707816823,2.838108478036551;"{""coordinates"": [2.838108478036551, 49.20087707816823], ""type"": ""Point""}";1064;Ormoy-Villers;411388;Ormoy-Villers;411387;A02175;TRAIN K;K;TRAIN;0;0;0;0;0;SNCF;#AE9A08;dotted;0;0;688199.9209;6900140.4555;6878736.4249
230;49.00811401680905,2.680252455973216;"{""coordinates"": [2.680252455973216, 49.00811401680905], ""type"": ""Point""}";852;Thieux-Nantouillet;69196;Thieux - Nantouillet;47960;A02175;TRAIN K;K;TRAIN;0;0;0;0;0;SNCF;#AE9A09;solid;1;0;676607.2167;6878736.4249;
932;48.89218707551516,2.2370180563950135;"{""coordinates"": [2.237018056395013, 48.89218707551516], ""type"": ""Point""}";933;La Défense;71517;La Défense (Grande Arche);470549;A01855;TRAIN U;U;TRAIN;TRAIN U;0;0;0;0;SNCF;#C90062;solid;1;1;644056.2663;6866067.7406;
925;48.75518504105718,1.9430499444004297;"{""coordinates"": [1.94304994440043, 48.75518504105718], ""type"": ""Point""}";635;La Verrière;63426;La Verrière;43147;A01855;TRAIN U;U;TRAIN;TRAIN U;0;0;0;0;SNCF;#C90071;solid;1;1;622299.0;6851084.0;
931;48.8833838128909,2.2336919201504086;"{""coordinates"": [2.233691920150409, 48.8833838128909], ""type"": ""Point""}";932;Puteaux;71422;Puteaux;43184;A01855;TRAIN U;U;TRAIN;0;0;0;0;0;SNCF;#C90063;solid;1;0;643802.8935;6865091.2418;
175;48.82723877447488,2.200721257947834;"{""coordinates"": [2.200721257947834, 48.82723877447488], ""type"": ""Point""}";1198;Sèvres-Ville-d'Avray;70686;Sèvres - Ville-d'Avray;47767;A01855;TRAIN U;U;TRAIN;0;0;0;0;0;SNCF;#C90068;solid;1;0;641321.8824;6858872.4901;
1198;48.84610294770648,2.2176210808904337;"{""coordinates"": [2.217621080890434, 48.84610294770648], ""type"": ""Point""}";929;Saint-Cloud;73749;Saint-Cloud;43196;A01855;TRAIN U;U;TRAIN;0;0;0;0;0;SNCF;#C90067;solid;1;1;642583.305;6860957.5259;
926;48.79870763435358,2.0718470059294005;"{""coordinates"": [2.071847005929401, 48.79870763435358], ""type"": ""Point""}";927;Saint-Cyr;73731;Saint-Cyr;46990;A01855;TRAIN U;U;TRAIN;0;0;0;0;0;SNCF;#C90064;solid;1;0;631823.8462;6855803.8011;
925;48.78739023735681,2.044621988534177;"{""coordinates"": [2.044621988534177, 48.78739023735681], ""type"": ""Point""}";926;Saint-Quentin-en-Yvelines;63812;Saint-Quentin en Yvelines - Montigny-le-Bretonneux;461504;A01855;TRAIN U;U;TRAIN;0;0;0;0;0;SNCF;#C90069;solid;1;1;629808.9428;6854569.3771;
929;48.871714190222136,2.2210295504311297;"{""coordinates"": [2.22102955043113, 48.871714190222136], ""type"": ""Point""}";931;Suresnes-Mont-Valérien;70829;Suresnes Mont Valérien;43205;A01855;TRAIN U;U;TRAIN;0;0;0;0;0;SNCF;#C90070;solid;1;0;642861.5291;6863802.7627;
635;48.77480280884466,2.0065668690576657;"{""coordinates"": [2.006566869057666, 48.77480280884466], ""type"": ""Point""}";925;Trappes;463850;Trappes;43209;A01855;TRAIN U;U;TRAIN;0;0;0;0;0;SNCF;#C90066;solid;1;0;626995.5928;6853204.424;
927;48.795138178428715,2.1351562241000215;"{""coordinates"": [2.135156224100021, 48.795138178428715], ""type"": ""Point""}";928;Versailles-Chantiers;63880;Versailles Chantiers;43219;A01855;TRAIN U;U;TRAIN;0;0;0;0;0;SNCF;#C90065;solid;1;1;636469.5949;6855354.1433;
928;48.81257171624298,2.188259860000293;"{""coordinates"": [2.188259860000293, 48.81257171624298], ""type"": ""Point""}";175;Chaville Rive Droite;69503;Chaville Rive Droite;43241;A02176;TRAIN L;L;TRAIN;0;0;0;0;0;SNCF;#C90066;solid;1;0;640390.3104;6857251.0585;
